<?xml version='1.0' encoding='utf-8'?>
<!DOCTYPE hibernate-configuration PUBLIC
        "-//Hibernate/Hibernate Configuration DTD//EN"
        "http://www.hibernate.org/dtd/hibernate-configuration-3.0.dtd">
<hibernate-configuration>
    <session-factory>
        <!-- Database connection settings -->
        <property name="connection.driver_class">org.sqlite.JDBC</property>
        <property name="connection.url">jdbc:sqlite:D:\\GithubRepositories\\CS-UBB-FMI-INFO\\2nd Year\\2nd Semester\\ISS\\Laborator\\LaboratorISS\\iss.db</property>

        <!-- SQLite dialect -->
        <property name="dialect">org.sqlite.hibernate.dialect.SQLiteDialect</property>        <!-- Debugging -->

        <property name="show_sql">true</property>
        <property name="format_sql">true</property>

        <!-- Update the schema -->
        <property name="hbm2ddl.auto">update</property>

        <!-- Entity mapping -->
        <mapping class="com.example.laboratoriss.Domain.Medicament"/>
        <mapping class="com.example.laboratoriss.Domain.User"/>
        <mapping class="com.example.laboratoriss.Domain.Comanda"/>
        <mapping class="com.example.laboratoriss.Domain.ComandaItem"/>
    </session-factory>
</hibernate-configuration>